filepaths,labels,label_num
train/skydiving/009.jpg,skydiving,25
train/judo/065.jpg,judo,22
train/formula 1 racing/040.jpg,formula 1 racing,1
train/judo/087.jpg,judo,22
train/rollerblade racing/103.jpg,rollerblade racing,10
train/figure skating women/014.jpg,figure skating women,12
train/harness racing/114.jpg,harness racing,28
train/polo/072.jpg,polo,15
train/football/056.jpg,football,0
train/lacrosse/124.jpg,lacrosse,19
train/giant slalom/118.jpg,giant slalom,21
train/figure skating pairs/061.jpg,figure skating pairs,20
train/high jump/134.jpg,high jump,11
train/basketball/024.jpg,basketball,5
train/swimming/128.jpg,swimming,17
train/harness racing/063.jpg,harness racing,28
train/skydiving/035.jpg,skydiving,25
train/olympic wrestling/057.jpg,olympic wrestling,6
train/billiards/030.jpg,billiards,29
train/polo/017.jpg,polo,15
train/judo/067.jpg,judo,22
train/golf/026.jpg,golf,14
train/swimming/026.jpg,swimming,17
train/golf/025.jpg,golf,14
train/basketball/099.jpg,basketball,5
train/bull riding/065.jpg,bull riding,24
train/nascar racing/174.jpg,nascar racing,2
train/harness racing/107.jpg,harness racing,28
train/billiards/122.jpg,billiards,29
train/hockey/102.jpg,hockey,4
train/basketball/134.jpg,basketball,5
train/baseball/041.jpg,baseball,3
train/uneven bars/113.jpg,uneven bars,18
train/hockey/071.jpg,hockey,4
train/swimming/156.jpg,swimming,17
train/uneven bars/127.jpg,uneven bars,18
train/uneven bars/019.jpg,uneven bars,18
train/balance beam/002.jpg,balance beam,27
train/high jump/063.jpg,high jump,11
train/rollerblade racing/151.jpg,rollerblade racing,10
train/high jump/091.jpg,high jump,11
train/rugby/068.jpg,rugby,7
train/giant slalom/020.jpg,giant slalom,21
train/rugby/050.jpg,rugby,7
train/lacrosse/037.jpg,lacrosse,19
train/bull riding/118.jpg,bull riding,24
train/skydiving/066.jpg,skydiving,25
train/field hockey/002.jpg,field hockey,13
train/figure skating women/001.jpg,figure skating women,12
train/skydiving/104.jpg,skydiving,25
train/figure skating pairs/035.jpg,figure skating pairs,20
train/lacrosse/029.jpg,lacrosse,19
train/football/135.jpg,football,0
train/rollerblade racing/118.jpg,rollerblade racing,10
train/roller derby/090.jpg,roller derby,9
train/rugby/119.jpg,rugby,7
train/olympic wrestling/144.jpg,olympic wrestling,6
train/rings/114.jpg,rings,16
train/skydiving/119.jpg,skydiving,25
train/rugby/162.jpg,rugby,7
train/swimming/100.jpg,swimming,17
train/olympic wrestling/141.jpg,olympic wrestling,6
train/bull riding/102.jpg,bull riding,24
train/rings/107.jpg,rings,16
train/football/144.jpg,football,0
train/baseball/017.jpg,baseball,3
train/figure skating pairs/040.jpg,figure skating pairs,20
train/giant slalom/062.jpg,giant slalom,21
train/skydiving/087.jpg,skydiving,25
train/balance beam/080.jpg,balance beam,27
train/canoe slamon/078.jpg,canoe slamon,8
train/high jump/069.jpg,high jump,11
train/figure skating women/045.jpg,figure skating women,12
train/polo/009.jpg,polo,15
train/billiards/143.jpg,billiards,29
train/baseball/128.jpg,baseball,3
train/harness racing/037.jpg,harness racing,28
train/roller derby/121.jpg,roller derby,9
train/nascar racing/165.jpg,nascar racing,2
train/golf/093.jpg,golf,14
train/figure skating women/083.jpg,figure skating women,12
train/snowmobile racing/012.jpg,snowmobile racing,26
train/field hockey/013.jpg,field hockey,13
train/canoe slamon/034.jpg,canoe slamon,8
train/billiards/054.jpg,billiards,29
train/olympic wrestling/014.jpg,olympic wrestling,6
train/bull riding/079.jpg,bull riding,24
train/field hockey/058.jpg,field hockey,13
train/high jump/018.jpg,high jump,11
train/rings/024.jpg,rings,16
train/figure skating pairs/002.jpg,figure skating pairs,20
train/rings/086.jpg,rings,16
train/golf/085.jpg,golf,14
train/formula 1 racing/072.jpg,formula 1 racing,1
train/field hockey/064.jpg,field hockey,13
train/rollerblade racing/092.jpg,rollerblade racing,10
train/uneven bars/029.jpg,uneven bars,18
train/formula 1 racing/093.jpg,formula 1 racing,1
train/rings/120.jpg,rings,16
train/golf/138.jpg,golf,14
train/shot put/033.jpg,shot put,23
train/figure skating women/067.jpg,figure skating women,12
train/nascar racing/075.jpg,nascar racing,2
train/baseball/049.jpg,baseball,3
train/rings/143.jpg,rings,16
train/shot put/136.jpg,shot put,23
train/rollerblade racing/104.jpg,rollerblade racing,10
train/swimming/155.jpg,swimming,17
train/balance beam/119.jpg,balance beam,27
train/formula 1 racing/008.jpg,formula 1 racing,1
train/swimming/020.jpg,swimming,17
train/giant slalom/128.jpg,giant slalom,21
train/basketball/129.jpg,basketball,5
train/uneven bars/037.jpg,uneven bars,18
train/lacrosse/127.jpg,lacrosse,19
train/nascar racing/043.jpg,nascar racing,2
train/rings/010.jpg,rings,16
train/polo/120.jpg,polo,15
train/figure skating women/074.jpg,figure skating women,12
train/baseball/174.jpg,baseball,3
train/basketball/109.jpg,basketball,5
train/skydiving/139.jpg,skydiving,25
train/bull riding/096.jpg,bull riding,24
train/giant slalom/087.jpg,giant slalom,21
train/golf/128.jpg,golf,14
train/giant slalom/111.jpg,giant slalom,21
train/figure skating pairs/138.jpg,figure skating pairs,20
train/baseball/103.jpg,baseball,3
train/basketball/010.jpg,basketball,5
train/lacrosse/096.jpg,lacrosse,19
train/lacrosse/138.jpg,lacrosse,19
train/figure skating pairs/116.jpg,figure skating pairs,20
train/rollerblade racing/146.jpg,rollerblade racing,10
train/polo/028.jpg,polo,15
train/canoe slamon/031.jpg,canoe slamon,8
train/billiards/091.jpg,billiards,29
train/football/152.jpg,football,0
train/hockey/143.jpg,hockey,4
train/giant slalom/007.jpg,giant slalom,21
train/balance beam/036.jpg,balance beam,27
train/golf/148.jpg,golf,14
train/formula 1 racing/165.jpg,formula 1 racing,1
train/roller derby/070.jpg,roller derby,9
train/bull riding/081.jpg,bull riding,24
train/rings/119.jpg,rings,16
train/bull riding/006.jpg,bull riding,24
train/nascar racing/028.jpg,nascar racing,2
train/roller derby/083.jpg,roller derby,9
train/basketball/009.jpg,basketball,5
train/canoe slamon/049.jpg,canoe slamon,8
train/uneven bars/004.jpg,uneven bars,18
train/football/062.jpg,football,0
train/figure skating women/101.jpg,figure skating women,12
train/snowmobile racing/114.jpg,snowmobile racing,26
train/polo/091.jpg,polo,15
train/uneven bars/104.jpg,uneven bars,18
train/baseball/069.jpg,baseball,3
train/high jump/101.jpg,high jump,11
train/snowmobile racing/085.jpg,snowmobile racing,26
train/uneven bars/141.jpg,uneven bars,18
train/high jump/094.jpg,high jump,11
train/football/099.jpg,football,0
train/judo/059.jpg,judo,22
train/roller derby/069.jpg,roller derby,9
train/canoe slamon/070.jpg,canoe slamon,8
train/nascar racing/018.jpg,nascar racing,2
train/balance beam/123.jpg,balance beam,27
train/nascar racing/035.jpg,nascar racing,2
train/football/039.jpg,football,0
train/rings/111.jpg,rings,16
train/polo/156.jpg,polo,15
train/billiards/028.jpg,billiards,29
train/polo/042.jpg,polo,15
train/snowmobile racing/108.jpg,snowmobile racing,26
train/rollerblade racing/108.jpg,rollerblade racing,10
train/olympic wrestling/021.jpg,olympic wrestling,6
train/polo/052.jpg,polo,15
train/snowmobile racing/051.jpg,snowmobile racing,26
train/rugby/129.jpg,rugby,7
train/bull riding/139.jpg,bull riding,24
train/lacrosse/021.jpg,lacrosse,19
train/snowmobile racing/112.jpg,snowmobile racing,26
train/rollerblade racing/020.jpg,rollerblade racing,10
train/canoe slamon/071.jpg,canoe slamon,8
train/figure skating women/146.jpg,figure skating women,12
train/canoe slamon/145.jpg,canoe slamon,8
train/lacrosse/054.jpg,lacrosse,19
train/nascar racing/058.jpg,nascar racing,2
train/skydiving/034.jpg,skydiving,25
train/bull riding/008.jpg,bull riding,24
train/snowmobile racing/106.jpg,snowmobile racing,26
train/figure skating pairs/081.jpg,figure skating pairs,20
train/canoe slamon/133.jpg,canoe slamon,8
train/balance beam/047.jpg,balance beam,27
train/hockey/078.jpg,hockey,4
train/polo/101.jpg,polo,15
train/field hockey/152.jpg,field hockey,13
train/roller derby/060.jpg,roller derby,9
train/polo/059.jpg,polo,15
train/balance beam/105.jpg,balance beam,27
train/field hockey/047.jpg,field hockey,13
train/giant slalom/071.jpg,giant slalom,21
train/polo/102.jpg,polo,15
train/judo/009.jpg,judo,22
train/olympic wrestling/038.jpg,olympic wrestling,6
train/olympic wrestling/148.jpg,olympic wrestling,6
train/golf/156.jpg,golf,14
train/shot put/010.jpg,shot put,23
train/billiards/109.jpg,billiards,29
train/polo/067.jpg,polo,15
train/football/173.jpg,football,0
train/high jump/148.jpg,high jump,11
train/golf/133.jpg,golf,14
train/basketball/058.jpg,basketball,5
train/golf/015.jpg,golf,14
train/high jump/082.jpg,high jump,11
train/swimming/096.jpg,swimming,17
train/snowmobile racing/035.jpg,snowmobile racing,26
train/harness racing/010.jpg,harness racing,28
train/figure skating pairs/121.jpg,figure skating pairs,20
train/figure skating pairs/086.jpg,figure skating pairs,20
train/uneven bars/142.jpg,uneven bars,18
train/field hockey/017.jpg,field hockey,13
train/rings/122.jpg,rings,16
train/rollerblade racing/043.jpg,rollerblade racing,10
train/billiards/065.jpg,billiards,29
train/golf/027.jpg,golf,14
train/rugby/079.jpg,rugby,7
train/football/002.jpg,football,0
train/swimming/064.jpg,swimming,17
train/giant slalom/023.jpg,giant slalom,21
train/rollerblade racing/041.jpg,rollerblade racing,10
train/basketball/161.jpg,basketball,5
train/judo/034.jpg,judo,22
train/olympic wrestling/002.jpg,olympic wrestling,6
train/shot put/054.jpg,shot put,23
train/canoe slamon/149.jpg,canoe slamon,8
train/figure skating pairs/132.jpg,figure skating pairs,20
train/basketball/046.jpg,basketball,5
train/rugby/153.jpg,rugby,7
train/rollerblade racing/130.jpg,rollerblade racing,10
train/hockey/057.jpg,hockey,4
train/balance beam/012.jpg,balance beam,27
train/skydiving/027.jpg,skydiving,25
train/basketball/088.jpg,basketball,5
train/swimming/141.jpg,swimming,17
train/shot put/134.jpg,shot put,23
train/polo/131.jpg,polo,15
train/swimming/125.jpg,swimming,17
train/hockey/162.jpg,hockey,4
train/harness racing/050.jpg,harness racing,28
train/lacrosse/022.jpg,lacrosse,19
train/swimming/033.jpg,swimming,17
train/rugby/062.jpg,rugby,7
train/nascar racing/115.jpg,nascar racing,2
train/golf/145.jpg,golf,14
train/canoe slamon/081.jpg,canoe slamon,8
train/figure skating women/075.jpg,figure skating women,12
train/judo/007.jpg,judo,22
train/formula 1 racing/095.jpg,formula 1 racing,1
train/bull riding/117.jpg,bull riding,24
train/billiards/082.jpg,billiards,29
train/baseball/003.jpg,baseball,3
train/roller derby/041.jpg,roller derby,9
train/harness racing/102.jpg,harness racing,28
train/high jump/150.jpg,high jump,11
train/rugby/121.jpg,rugby,7
train/snowmobile racing/118.jpg,snowmobile racing,26
train/hockey/165.jpg,hockey,4
train/golf/130.jpg,golf,14
train/harness racing/007.jpg,harness racing,28
train/figure skating pairs/036.jpg,figure skating pairs,20
train/polo/107.jpg,polo,15
train/roller derby/014.jpg,roller derby,9
train/skydiving/116.jpg,skydiving,25
train/shot put/014.jpg,shot put,23
train/figure skating women/069.jpg,figure skating women,12
train/basketball/044.jpg,basketball,5
train/harness racing/081.jpg,harness racing,28
train/uneven bars/038.jpg,uneven bars,18
train/harness racing/045.jpg,harness racing,28
train/shot put/071.jpg,shot put,23
train/hockey/007.jpg,hockey,4
train/bull riding/146.jpg,bull riding,24
train/giant slalom/059.jpg,giant slalom,21
train/harness racing/068.jpg,harness racing,28
train/canoe slamon/036.jpg,canoe slamon,8
train/olympic wrestling/066.jpg,olympic wrestling,6
train/rollerblade racing/149.jpg,rollerblade racing,10
train/judo/096.jpg,judo,22
train/nascar racing/184.jpg,nascar racing,2
train/bull riding/044.jpg,bull riding,24
train/swimming/002.jpg,swimming,17
train/formula 1 racing/033.jpg,formula 1 racing,1
train/shot put/042.jpg,shot put,23
train/judo/094.jpg,judo,22
train/football/111.jpg,football,0
train/balance beam/039.jpg,balance beam,27
train/rugby/165.jpg,rugby,7
train/balance beam/074.jpg,balance beam,27
train/lacrosse/106.jpg,lacrosse,19
train/figure skating pairs/144.jpg,figure skating pairs,20
train/harness racing/064.jpg,harness racing,28
train/shot put/111.jpg,shot put,23
train/harness racing/096.jpg,harness racing,28
train/basketball/035.jpg,basketball,5
train/billiards/073.jpg,billiards,29
train/giant slalom/148.jpg,giant slalom,21
train/harness racing/057.jpg,harness racing,28
train/formula 1 racing/111.jpg,formula 1 racing,1
train/high jump/157.jpg,high jump,11
train/basketball/156.jpg,basketball,5
train/roller derby/133.jpg,roller derby,9
train/lacrosse/010.jpg,lacrosse,19
train/uneven bars/139.jpg,uneven bars,18
train/rollerblade racing/033.jpg,rollerblade racing,10
train/figure skating pairs/005.jpg,figure skating pairs,20
train/football/065.jpg,football,0
train/lacrosse/137.jpg,lacrosse,19
train/rugby/139.jpg,rugby,7
train/skydiving/077.jpg,skydiving,25
train/rollerblade racing/155.jpg,rollerblade racing,10
train/olympic wrestling/106.jpg,olympic wrestling,6
train/harness racing/138.jpg,harness racing,28
train/basketball/125.jpg,basketball,5
train/snowmobile racing/109.jpg,snowmobile racing,26
train/canoe slamon/088.jpg,canoe slamon,8
train/shot put/049.jpg,shot put,23
train/hockey/048.jpg,hockey,4
train/rollerblade racing/100.jpg,rollerblade racing,10
train/judo/030.jpg,judo,22
train/basketball/104.jpg,basketball,5
train/harness racing/079.jpg,harness racing,28
train/judo/149.jpg,judo,22
train/skydiving/021.jpg,skydiving,25
train/baseball/039.jpg,baseball,3
train/figure skating women/140.jpg,figure skating women,12
train/high jump/143.jpg,high jump,11
train/formula 1 racing/175.jpg,formula 1 racing,1
train/swimming/085.jpg,swimming,17
train/hockey/127.jpg,hockey,4
train/nascar racing/167.jpg,nascar racing,2
train/nascar racing/158.jpg,nascar racing,2
train/hockey/082.jpg,hockey,4
train/formula 1 racing/016.jpg,formula 1 racing,1
train/swimming/102.jpg,swimming,17
train/hockey/133.jpg,hockey,4
train/uneven bars/061.jpg,uneven bars,18
train/figure skating women/046.jpg,figure skating women,12
train/nascar racing/119.jpg,nascar racing,2
train/olympic wrestling/077.jpg,olympic wrestling,6
train/football/006.jpg,football,0
train/rings/017.jpg,rings,16
train/formula 1 racing/029.jpg,formula 1 racing,1
train/lacrosse/051.jpg,lacrosse,19
train/figure skating pairs/108.jpg,figure skating pairs,20
train/baseball/159.jpg,baseball,3
train/canoe slamon/026.jpg,canoe slamon,8
train/rugby/124.jpg,rugby,7
train/shot put/090.jpg,shot put,23
train/figure skating women/025.jpg,figure skating women,12
train/high jump/110.jpg,high jump,11
train/uneven bars/150.jpg,uneven bars,18
train/giant slalom/055.jpg,giant slalom,21
train/golf/147.jpg,golf,14
train/nascar racing/040.jpg,nascar racing,2
train/snowmobile racing/054.jpg,snowmobile racing,26
train/snowmobile racing/042.jpg,snowmobile racing,26
train/figure skating women/039.jpg,figure skating women,12
train/figure skating pairs/082.jpg,figure skating pairs,20
train/nascar racing/154.jpg,nascar racing,2
train/shot put/029.jpg,shot put,23
train/shot put/022.jpg,shot put,23
train/skydiving/020.jpg,skydiving,25
train/swimming/038.jpg,swimming,17
train/football/160.jpg,football,0
train/judo/126.jpg,judo,22
train/high jump/109.jpg,high jump,11
train/lacrosse/133.jpg,lacrosse,19
train/hockey/148.jpg,hockey,4
train/skydiving/065.jpg,skydiving,25
train/snowmobile racing/088.jpg,snowmobile racing,26
train/rugby/055.jpg,rugby,7
train/shot put/149.jpg,shot put,23
train/baseball/043.jpg,baseball,3
train/swimming/054.jpg,swimming,17
train/golf/038.jpg,golf,14
train/polo/113.jpg,polo,15
train/polo/034.jpg,polo,15
train/roller derby/046.jpg,roller derby,9
train/figure skating women/123.jpg,figure skating women,12
train/formula 1 racing/148.jpg,formula 1 racing,1
train/skydiving/002.jpg,skydiving,25
train/harness racing/082.jpg,harness racing,28
train/field hockey/003.jpg,field hockey,13
train/rings/109.jpg,rings,16
train/rings/156.jpg,rings,16
train/football/108.jpg,football,0
train/basketball/008.jpg,basketball,5
train/billiards/052.jpg,billiards,29
train/nascar racing/023.jpg,nascar racing,2
train/nascar racing/186.jpg,nascar racing,2
train/giant slalom/040.jpg,giant slalom,21
train/bull riding/046.jpg,bull riding,24
train/hockey/008.jpg,hockey,4
train/giant slalom/025.jpg,giant slalom,21
train/baseball/155.jpg,baseball,3
train/canoe slamon/006.jpg,canoe slamon,8
train/bull riding/021.jpg,bull riding,24
train/rings/129.jpg,rings,16
train/lacrosse/011.jpg,lacrosse,19
train/baseball/170.jpg,baseball,3
train/bull riding/003.jpg,bull riding,24
train/high jump/104.jpg,high jump,11
train/bull riding/129.jpg,bull riding,24
train/balance beam/064.jpg,balance beam,27
train/snowmobile racing/022.jpg,snowmobile racing,26
train/field hockey/090.jpg,field hockey,13
train/snowmobile racing/065.jpg,snowmobile racing,26
train/harness racing/099.jpg,harness racing,28
train/rugby/144.jpg,rugby,7
train/formula 1 racing/146.jpg,formula 1 racing,1
train/lacrosse/033.jpg,lacrosse,19
train/canoe slamon/007.jpg,canoe slamon,8
train/rollerblade racing/026.jpg,rollerblade racing,10
train/high jump/095.jpg,high jump,11
train/billiards/088.jpg,billiards,29
train/judo/061.jpg,judo,22
train/rings/096.jpg,rings,16
train/rings/151.jpg,rings,16
train/football/107.jpg,football,0
train/high jump/132.jpg,high jump,11
train/billiards/062.jpg,billiards,29
train/olympic wrestling/087.jpg,olympic wrestling,6
train/rollerblade racing/131.jpg,rollerblade racing,10
train/balance beam/122.jpg,balance beam,27
train/giant slalom/077.jpg,giant slalom,21
train/high jump/020.jpg,high jump,11
train/figure skating women/141.jpg,figure skating women,12
train/baseball/148.jpg,baseball,3
train/rollerblade racing/027.jpg,rollerblade racing,10
train/basketball/026.jpg,basketball,5
train/rings/069.jpg,rings,16
train/baseball/144.jpg,baseball,3
train/nascar racing/110.jpg,nascar racing,2
train/high jump/108.jpg,high jump,11
train/nascar racing/002.jpg,nascar racing,2
train/roller derby/066.jpg,roller derby,9
train/field hockey/123.jpg,field hockey,13
train/snowmobile racing/028.jpg,snowmobile racing,26
train/shot put/039.jpg,shot put,23
train/bull riding/061.jpg,bull riding,24
train/roller derby/107.jpg,roller derby,9
train/figure skating women/017.jpg,figure skating women,12
train/formula 1 racing/073.jpg,formula 1 racing,1
train/baseball/084.jpg,baseball,3
train/rollerblade racing/143.jpg,rollerblade racing,10
train/high jump/156.jpg,high jump,11
train/canoe slamon/016.jpg,canoe slamon,8
train/balance beam/054.jpg,balance beam,27
train/rings/131.jpg,rings,16
train/snowmobile racing/091.jpg,snowmobile racing,26
train/polo/029.jpg,polo,15
train/uneven bars/087.jpg,uneven bars,18
train/figure skating pairs/065.jpg,figure skating pairs,20
train/field hockey/104.jpg,field hockey,13
train/harness racing/055.jpg,harness racing,28
train/formula 1 racing/004.jpg,formula 1 racing,1
train/lacrosse/108.jpg,lacrosse,19
train/golf/082.jpg,golf,14
train/hockey/145.jpg,hockey,4
train/bull riding/013.jpg,bull riding,24
train/balance beam/056.jpg,balance beam,27
train/snowmobile racing/102.jpg,snowmobile racing,26
train/olympic wrestling/017.jpg,olympic wrestling,6
train/harness racing/019.jpg,harness racing,28
train/rugby/020.jpg,rugby,7
train/hockey/135.jpg,hockey,4
train/golf/006.jpg,golf,14
train/baseball/020.jpg,baseball,3
train/field hockey/018.jpg,field hockey,13
train/shot put/043.jpg,shot put,23
train/lacrosse/090.jpg,lacrosse,19
train/olympic wrestling/094.jpg,olympic wrestling,6
train/snowmobile racing/032.jpg,snowmobile racing,26
train/judo/018.jpg,judo,22
train/giant slalom/044.jpg,giant slalom,21
train/roller derby/118.jpg,roller derby,9
train/polo/060.jpg,polo,15
train/balance beam/061.jpg,balance beam,27
train/bull riding/108.jpg,bull riding,24
train/swimming/035.jpg,swimming,17
train/golf/121.jpg,golf,14
train/olympic wrestling/025.jpg,olympic wrestling,6
train/high jump/055.jpg,high jump,11
train/lacrosse/063.jpg,lacrosse,19
train/football/091.jpg,football,0
train/formula 1 racing/131.jpg,formula 1 racing,1
train/balance beam/079.jpg,balance beam,27
train/field hockey/019.jpg,field hockey,13
train/football/077.jpg,football,0
train/figure skating pairs/105.jpg,figure skating pairs,20
train/baseball/164.jpg,baseball,3
train/judo/038.jpg,judo,22
train/baseball/054.jpg,baseball,3
train/basketball/130.jpg,basketball,5
train/figure skating pairs/033.jpg,figure skating pairs,20
train/golf/003.jpg,golf,14
train/skydiving/131.jpg,skydiving,25
train/rollerblade racing/147.jpg,rollerblade racing,10
train/olympic wrestling/091.jpg,olympic wrestling,6
train/billiards/078.jpg,billiards,29
train/uneven bars/045.jpg,uneven bars,18
train/skydiving/118.jpg,skydiving,25
train/rugby/126.jpg,rugby,7
train/figure skating pairs/126.jpg,figure skating pairs,20
train/judo/138.jpg,judo,22
train/snowmobile racing/136.jpg,snowmobile racing,26
train/balance beam/077.jpg,balance beam,27
train/bull riding/031.jpg,bull riding,24
train/roller derby/017.jpg,roller derby,9
train/football/020.jpg,football,0
train/hockey/045.jpg,hockey,4
train/shot put/070.jpg,shot put,23
train/judo/020.jpg,judo,22
train/canoe slamon/058.jpg,canoe slamon,8
train/roller derby/061.jpg,roller derby,9
train/balance beam/096.jpg,balance beam,27
train/polo/103.jpg,polo,15
train/balance beam/045.jpg,balance beam,27
train/roller derby/123.jpg,roller derby,9
train/formula 1 racing/017.jpg,formula 1 racing,1
train/hockey/084.jpg,hockey,4
train/billiards/102.jpg,billiards,29
train/figure skating pairs/129.jpg,figure skating pairs,20
train/roller derby/158.jpg,roller derby,9
train/swimming/105.jpg,swimming,17
train/lacrosse/064.jpg,lacrosse,19
train/football/129.jpg,football,0
train/olympic wrestling/006.jpg,olympic wrestling,6
train/billiards/064.jpg,billiards,29
train/skydiving/142.jpg,skydiving,25
train/field hockey/124.jpg,field hockey,13
train/skydiving/007.jpg,skydiving,25
train/field hockey/036.jpg,field hockey,13
train/giant slalom/135.jpg,giant slalom,21
train/field hockey/076.jpg,field hockey,13
train/formula 1 racing/080.jpg,formula 1 racing,1
train/uneven bars/078.jpg,uneven bars,18
train/swimming/030.jpg,swimming,17
train/judo/022.jpg,judo,22
train/baseball/013.jpg,baseball,3
train/figure skating pairs/088.jpg,figure skating pairs,20
train/uneven bars/132.jpg,uneven bars,18
train/balance beam/065.jpg,balance beam,27
train/basketball/097.jpg,basketball,5
train/roller derby/034.jpg,roller derby,9
train/billiards/072.jpg,billiards,29
train/skydiving/099.jpg,skydiving,25
train/swimming/008.jpg,swimming,17
train/field hockey/107.jpg,field hockey,13
train/giant slalom/052.jpg,giant slalom,21
train/olympic wrestling/123.jpg,olympic wrestling,6
train/rugby/065.jpg,rugby,7
train/figure skating women/004.jpg,figure skating women,12
train/rings/141.jpg,rings,16
train/formula 1 racing/115.jpg,formula 1 racing,1
train/swimming/111.jpg,swimming,17
train/uneven bars/034.jpg,uneven bars,18
train/billiards/035.jpg,billiards,29
train/shot put/017.jpg,shot put,23
train/field hockey/015.jpg,field hockey,13
train/shot put/019.jpg,shot put,23
train/figure skating women/064.jpg,figure skating women,12
train/hockey/015.jpg,hockey,4
train/uneven bars/065.jpg,uneven bars,18
train/rings/152.jpg,rings,16
train/olympic wrestling/095.jpg,olympic wrestling,6
train/rollerblade racing/028.jpg,rollerblade racing,10
train/roller derby/043.jpg,roller derby,9
train/baseball/118.jpg,baseball,3
train/canoe slamon/047.jpg,canoe slamon,8
train/giant slalom/143.jpg,giant slalom,21
train/formula 1 racing/157.jpg,formula 1 racing,1
train/canoe slamon/027.jpg,canoe slamon,8
train/figure skating women/071.jpg,figure skating women,12
train/giant slalom/010.jpg,giant slalom,21
train/nascar racing/134.jpg,nascar racing,2
train/billiards/126.jpg,billiards,29
train/judo/023.jpg,judo,22
train/skydiving/110.jpg,skydiving,25
train/uneven bars/020.jpg,uneven bars,18
train/figure skating women/131.jpg,figure skating women,12
train/lacrosse/045.jpg,lacrosse,19
train/rugby/125.jpg,rugby,7
train/rings/130.jpg,rings,16
train/canoe slamon/094.jpg,canoe slamon,8
train/football/014.jpg,football,0
train/field hockey/080.jpg,field hockey,13
train/polo/001.jpg,polo,15
train/golf/044.jpg,golf,14
train/field hockey/029.jpg,field hockey,13
train/hockey/137.jpg,hockey,4
train/roller derby/042.jpg,roller derby,9
train/giant slalom/043.jpg,giant slalom,21
train/football/126.jpg,football,0
train/rugby/041.jpg,rugby,7
train/formula 1 racing/135.jpg,formula 1 racing,1
train/snowmobile racing/075.jpg,snowmobile racing,26
train/roller derby/131.jpg,roller derby,9
train/olympic wrestling/139.jpg,olympic wrestling,6
train/basketball/148.jpg,basketball,5
train/golf/149.jpg,golf,14
train/rugby/010.jpg,rugby,7
train/bull riding/094.jpg,bull riding,24
train/nascar racing/047.jpg,nascar racing,2
train/balance beam/104.jpg,balance beam,27
train/shot put/050.jpg,shot put,23
train/billiards/027.jpg,billiards,29
train/billiards/036.jpg,billiards,29
train/field hockey/147.jpg,field hockey,13
train/hockey/117.jpg,hockey,4
train/harness racing/111.jpg,harness racing,28
train/judo/090.jpg,judo,22
train/judo/141.jpg,judo,22
train/uneven bars/009.jpg,uneven bars,18
train/canoe slamon/163.jpg,canoe slamon,8
train/shot put/076.jpg,shot put,23
train/olympic wrestling/161.jpg,olympic wrestling,6
train/rugby/140.jpg,rugby,7
